,Unnamed: 0,country,Region,Adults (ages 15+) and children (ages 0-14) newly infected with HIV,Adults (ages 15-49) newly infected with HIV,Age dependency ratio (% of working-age population),"Age dependency ratio, old (% of working-age population)","Age dependency ratio, young (% of working-age population)",Arms exports (SIPRI trend indicator values),Arms imports (SIPRI trend indicator values),"Automated teller machines (ATMs) (per 100,000 adults)",Average transaction cost of sending remittances from a specific country (%),Average transaction cost of sending remittances to a specific country (%),Bank capital to assets ratio (%),Bank liquid reserves to bank assets ratio (%),Bank nonperforming loans to total gross loans (%),"Charges for the use of intellectual property, payments (BoP, current US$)","Charges for the use of intellectual property, receipts (BoP, current US$)","Commercial bank branches (per 100,000 adults)","Computer, communications and other services (% of commercial service exports)","Computer, communications and other services (% of commercial service imports)",Consumer price index (2010 = 100),Domestic credit provided by financial sector (% of GDP),Domestic credit to private sector (% of GDP),Domestic credit to private sector by banks (% of GDP),"Employment to population ratio, 15+, female (%) (national estimate)","Employment to population ratio, 15+, male (%) (national estimate)","Employment to population ratio, 15+, total (%) (national estimate)","Employment to population ratio, ages 15-24, female (%) (national estimate)","Employment to population ratio, ages 15-24, male (%) (national estimate)","Employment to population ratio, ages 15-24, total (%) (national estimate)",Final consumption expenditure (% of GDP),Final consumption expenditure (annual % growth),Final consumption expenditure (constant 2010 US$),Final consumption expenditure (constant LCU),Final consumption expenditure (current LCU),Final consumption expenditure (current US$),Fixed broadband subscriptions,Fixed broadband subscriptions (per 100 people),Fixed telephone subscriptions,Fixed telephone subscriptions (per 100 people),GDP (constant 2010 US$),GDP growth (annual %),GDP per capita (constant 2010 US$),GNI (constant 2010 US$),GNI growth (annual %),GNI per capita (constant 2010 US$),High-technology exports (current US$),Human capital index (HCI) (scale 0-1),Individuals using the Internet (% of population),"Labor force, total",Military expenditure (% of GDP),Population density (people per sq. km of land area),Population growth (annual %),"Population, female","Population, male","Population, total",Ratio of female to male labor force participation rate (%) (national estimate),"Total reserves (includes gold, current US$)","Unemployment, total (% of total labor force) (modeled ILO estimate)",Urban population,Women Business and the Law Index Score (scale 1-100)
0,0,Algeria,NorthernAfrica,1700.0,1400.0,60.06772474,10.79325049,49.27447425,703923076.9230769,549000000.0,73.40780311276315,8.053924133333334,10.519145,9.400449637,14.57259313,5.051053060295455,6688988896.567273,7551750704.38509,16.334146341463416,50.87086848665218,47.71935206093478,155.0172502,105.71221808166668,29.64468328,29.62975114,48.750000110277774,63.33277782027777,55.847222154166666,32.95400005485715,39.04142847542857,36.05628568828572,66.22061177,-3.19923854,109299000000.0,9996650000000.0,12186900000000.0,96128424128.0,3790459.0,8.643942434,4784306.0,10.91035826,191311000000.0,-5.480991935,4362.739536,187586000000.0,-5.201185886,4277.795776,52156812779.28571,0.534556448,81.65227171827586,12231916,6.659993727,18.41133986,1.836533504,21697235,22153808,43851043,77.774285593125,59434389110.0,12.83,32332690,57.5
1,1,Argentina,SouthAmerica,5600.0,5000.0,55.76766101,17.70534915,38.06231185,703923076.9230769,7000000.0,62.45186112,8.053924133333334,6.045787187500001,15.45270788,18.37814968777778,3.860952775,1259953853.0,214186434.7,13.21,66.67518287,57.56618044,154.2630961983019,105.71221808166668,79.80061363428571,71.31580186240426,41.02000046,59.24000168,49.59999847,17.93000031,28.22999954,23.11000061,79.77752266,-11.70964444,325697000000.0,519188000000.0,21556900000000.0,305601000000.0,9571562.0,21.17800217,7356165.0,16.27622308,394447000000.0,-9.905234856,8692.708046,383643000000.0,-8.546425826,8454.617014,546445776.0,0.602144718,81.65227171827586,19191447,0.761486737,16.58089261,0.970053991,23239321,22137442,45376763,77.774285593125,39403734630.0,11.67,41796990,76.25
2,2,Australia,Oceania,750.0,1000.0,55.05194054,25.13866192,29.91327862,396000000.0,1658000000.0,129.6922329,7.214873,6.045787187500001,7.998032421,4.253643493,1.107782713,3422638070.0,846361009.2,25.43,32.24393666,51.33594752,120.8116545,105.71221808166668,141.9594047,141.9594047,56.39,65.45,60.83000183,57.72,55.85,56.76,73.92630744,-0.524926965,1078140000000.0,1443060000000.0,1467760000000.0,983886000000.0,8937550.0,35.04937513,6200000.0,24.31383609,1446370000000.0,-0.284839298,56307.28068,694914131878.2941,-3.7258254365714287,16102.810159200002,5709107539.0,0.770239532,81.65227171827586,13452598,2.063042777,3.339440225,1.258698172,12895213,12791828,25687041,85.97944032,43012629265.0,6.61,22152761,96.875
3,3,Austria,WesternEurope,14819.53488372093,11840.47619047619,50.63910773,28.92873668,21.71037105,9000000.0,13000000.0,167.9498095,6.366444,6.045787187500001,9.400449637,18.37814968777778,5.051053060295455,1562361796.0,1508260642.0,7.42,48.87692665,56.34469268,119.6894358,105.71221808166668,94.20496405,93.90780935,52.73,62.54,57.51,47.77,52.73,50.25,71.35402295,-6.500543787,293467000000.0,246005000000.0,267979000000.0,306084000000.0,2606000.0,28.934986,3786725.0,42.04483302,419186000000.0,-6.590410425,47008.71043,694914131878.2941,-3.7258254365714287,16102.810159200002,15988002803.0,0.746739745,87.52942813,4572356,0.836613874,108.0611367,0.419000873,4521483,4395722,8917205,84.08644401,30439562425.0,5.77,5238680,96.875
4,4,Bangladesh,SouthernAsia,14819.53488372093,11840.47619047619,47.01892285,7.684684409,39.33423844,703923076.9230769,46000000.0,10.18424539,8.053924133333334,4.570925,4.774469259,10.11380832,7.737548734,67223010.76,4205526.734,8.99,70.89961239,23.95677949,189.9055347,105.71221808166668,45.22395094,45.06835283,48.750000110277774,63.33277782027777,55.847222154166666,32.95400005485715,39.04142847542857,36.05628568828572,74.86588187,2.347960516,155421000000.0,7716040000000.0,20560500000000.0,242745000000.0,9521970.0,5.781775259,1450321.0,0.880640254,214962000000.0,2.375521656,1305.259332,694914131878.2941,-3.7258254365714287,16102.810159200002,52156812779.28571,0.464036435,81.65227171827586,67225702,1.301862862,1265.186932,1.002774181,81430275,83259108,164689383,77.774285593125,43171735336.0,5.3,62873466,49.375
5,5,Belarus,EasternEurope,1300.0,1100.0,48.85504719,23.19190865,25.66313853,23000000.0,13000000.0,55.85935732,8.053924133333334,1.598,14.18582943,11.00892459,4.82924274,200900000.0,125000000.0,16.334146341463416,53.15730094,47.40634006,536.5426883,45.76825606,33.10863645,26.59707699,48.750000110277774,63.33277782027777,55.847222154166666,32.95400005485715,39.04142847542857,36.05628568828572,68.37067875,-1.444873746,54218052020.0,57877186300.0,100509000000.0,41198967044.0,3255552.0,34.45275392,4406585.0,46.63386996,62765583663.0,-0.9,6677.998926,59723793650.0,-2.535654445,6354.365029,801655200.0,0.700078189,85.08791245,4909766,1.25428103,46.30436989,-0.201820684,5022987,4375874,9398861,77.774285593125,7468343228.0,5.28,7470497,75.625
6,6,Belgium,WesternEurope,14819.53488372093,11840.47619047619,56.95681092,30.22083568,26.73597524,53000000.0,86000000.0,73.40780311276315,7.580779,6.045787187500001,7.062679621,18.37814968777778,2.06995809,3451348529.0,3792692465.0,16.334146341463416,62.97060183,59.26146951,117.9780019,105.71221808166668,76.7302138,74.8670865,46.7,55.14,50.84,22.52,25.57,24.07,74.78357159,-5.837750833,379784000000.0,311458000000.0,337406000000.0,385384000000.0,4734210.0,40.84869715,3634639.0,31.36114954,512638000000.0,-6.283929951,44361.24836,694914131878.2941,-3.7258254365714287,16102.810159200002,35086802572.0,0.760419667,91.52423735,5114000,1.080842257,381.6379458,0.581620792,5828325,5727672,11555997,84.35630022,33296227565.0,6.01,11334006,100.0
7,7,Brazil,SouthAmerica,48000.0,11840.47619047619,43.47505641,13.76252132,29.71253508,170000000.0,158000000.0,96.55508722,9.773196,6.896534,10.05550044,27.30857344,2.242700111,4029140415.0,634291803.2,17.88,65.85077673,67.06808565,172.7742913,105.71221808166668,70.18797033,70.18797006,40.33,59.74,49.44,27.71,40.71,34.3,83.20772102,-5.27954529,1854870000000.0,3263090000000.0,6197190000000.0,1202130000000.0,36344670.0,17.09859319,30653813.0,14.42129144,2268470000000.0,-4.059048273,10672.17774,2224340000000.0,-3.32608321,10464.55278,5969585015.0,0.551497936,81.65227171827586,99843130,1.439168226,25.43142481,0.712872791,108123626,104435783,212559409,70.79215223,355614000000.0,13.67,185081854,85.0
8,8,Canada,NorthernAmerica,14819.53488372093,11840.47619047619,51.23928687,27.38090851,23.85837836,200000000.0,207000000.0,210.2323862,6.267835,6.045787187500001,4.948428466,18.37814968777778,0.533314765,12704911612.0,6016672959.0,20.17,60.89481547,51.94432346,117.5944476,105.71221808166668,79.80061363428571,71.31580186240426,53.93,62.11,57.97,49.61,48.97,49.28,79.89647292,-4.74702659,1459230000000.0,1641220000000.0,1760970000000.0,1313030000000.0,15776602.0,41.80101115,13926000.0,36.89773509,1847700000000.0,-5.402798553,48617.08789,1826480000000.0,-5.302770111,48058.63293,26040618938.0,0.797520101,81.65227171827586,20457473,1.415055841,4.239011376,1.089591487,19142488,18862750,38005238,86.7006555,90428136419.0,9.48,30997832,100.0
9,9,Chile,SouthAmerica,5000.0,4400.0,45.94574765,17.86763806,28.07810959,703923076.9230769,293000000.0,49.46726342,7.567058,6.045787187500001,6.861189226,18.12563859,1.552989248,1492195473.0,39645101.86,12.31,43.20980073,43.73746328,135.9309826,147.6911371,124.4679599,88.58040977,39.47,59.17,49.12,16.21,23.03,19.67,74.92878358,-6.81738222,200323000000.0,113879000000000.0,150242000000000.0,189525000000.0,3751227.0,19.62328707,2567938.0,13.43330717,268586000000.0,-5.771501669,14050.17618,257074000000.0,-6.644135891,13447.96617,52156812779.28571,0.651604176,81.65227171827586,8860151,1.853907407,25.71000172,0.862530028,9690540,9425669,19116209,67.03263649,39166118109.0,11.51,16770077,80.0
10,10,China,EasternAsia,14819.53488372093,11840.47619047619,42.20722862,17.01974682,25.18748181,760000000.0,811000000.0,87.87694197,8.053924133333334,8.43351,9.239362769,18.37814968777778,1.839619692,37781733950.0,8554460470.0,8.79,65.39381038,36.1075239,128.1094436,105.71221808166668,182.4326259,182.4326259,48.750000110277774,63.33277782027777,55.847222154166666,32.95400005485715,39.04142847542857,36.05628568828572,76.17312198333333,-0.910185149,6034350000000.0,49043900000000.0,351506452732770.8,493274407830.2292,483550000.0,33.59563762,181908000.0,12.63843501,11785000000000.0,2.3,8405.180473,694914131878.2941,-3.7258254365714287,16102.810159200002,757724000000.0,0.653102636,70.64214286,770950792,1.749795773,148.7698885,0.314091093,682951049,719160951,1402112000,77.774285593125,3357240000000.0,5.0,861289359,75.625
11,11,Colombia,SouthAmerica,9300.0,8500.0,45.44213103,13.17787399,32.26425704,4000000.0,77000000.0,41.14888142,8.053924133333334,4.941951,16.32989404,6.645718894,4.80223084,1096625703.0,120990488.3,13.5,47.24808774,36.95294513,144.508836,105.71221808166668,54.08468484,54.06441235,40.7,66.62,53.27,25.57,42.85,34.2,87.45504153,-4.070522353,312683000000.0,724294000000000.0,876813000000000.0,237307000000.0,7764772.0,15.26008418,7248026.0,14.24452475,367804000000.0,-6.847314206,7228.436546,360681000000.0,-6.61032264,7088.464073,706728634.0,0.604330301,81.65227171827586,24802460,3.375763519,45.86109419,1.073767493,25898320,24984564,50882884,66.2363325,58499477957.0,15.44,41431388,81.875
12,12,Denmark,NorthernEurope,200.0,200.0,57.34583486,31.72720054,25.61863432,703923076.9230769,65000000.0,42.56495867,8.053924133333334,6.045787187500001,6.634976407,2.537138036,1.816001736,1529841633.0,3867453801.0,18.66,35.54871095,44.30508743,110.8115347,105.71221808166668,163.8014123,163.8014123,54.29,62.85,58.52,53.95,52.53,53.23,70.33559155,-1.319471148,264913000000.0,1558170000000.0,1634370000000.0,249821000000.0,2571736.0,44.39997086,937469.0,16.1850191,372511000000.0,-2.733288945,63880.09366,383595000000.0,-2.69884409,65780.85525,10497046561.0,0.755094826,96.54914573,3022416,1.442268139,145.7851,0.291641177,2932556,2898848,5831404,86.98599187,72823350927.0,5.66,5138400,100.0
13,13,Ecuador,SouthAmerica,2100.0,1800.0,53.8059722,11.67555358,42.13041862,703923076.9230769,23000000.0,73.40780311276315,8.053924133333334,4.802712,9.400449637,12.10618775,5.051053060295455,132205569.0,3820186.0,16.334146341463416,14.06082333,24.12422889,123.7219895,50.53638502,47.59480906,44.89673459,44.88,68.47,56.42,25.36,44.18,35.35,75.10339799,-6.817382082,61839665424.0,51773117000.0,74208173000.0,74208173000.0,2346923.0,13.30224915,2063044.0,11.69323633,81657668888.0,-7.750123377,4628.31668,79278149312.0,-7.836348649,4493.446676,52156812779.28571,0.594254851,81.65227171827586,8019239,2.410351528,71.03825093,1.538741142,8819233,8823827,17643060,67.00332042,6569460539.0,6.23,11320846,89.375
14,14,Egypt,NorthernAfrica,3300.0,2900.0,64.61639042,8.776820938,55.83956948,703923076.9230769,1311000000.0,22.06102338,8.053924133333334,4.925028,9.400449637,31.24032924,5.051053060295455,297000000.0,0.0,6.76,16.53624368,26.01920802,303.1310772,105.71221808166668,27.2632851,27.2632851,48.750000110277774,63.33277782027777,55.847222154166666,32.95400005485715,39.04142847542857,36.05628568828572,93.76975945,7.248873195,280187000000.0,3735800000000.0,5457400000000.0,340449000000.0,9349469.0,9.136193337,9858331.0,9.633447418,312970000000.0,3.569669475,3058.310718,303157000000.0,4.12519254,2962.419118,350304530.0,0.494374663,71.9142004,29077255,1.224172373,102.8021528,1.920247637,50631541,51702862,102334403,77.774285593125,38972812937.0,10.45,43781728,45.0
15,15,Ethiopia,EasternAfrica,12000.0,8500.0,76.84882718,6.254955451,70.59387173,703923076.9230769,334807692.3076923,73.40780311276315,8.053924133333334,6.889398,7.15636507,18.37814968777778,3.429771877,6688988896.567273,7551750704.38509,16.334146341463416,50.87086848665218,47.71935206093478,154.2630961983019,105.71221808166668,79.80061363428571,71.31580186240426,48.750000110277774,63.33277782027777,55.847222154166666,32.95400005485715,39.04142847542857,36.05628568828572,79.08681052,21.52814563,668423030078.4565,2261580000000.0,2668670000000.0,85133040141.0,19886497.86792453,22.77000303354717,13359477.490566038,19.96444681913208,71633249862.0,6.056617792,623.0951402,694914131878.2941,6.055346769,16102.810159200002,52156812779.28571,0.382784843,81.65227171827586,52799277,0.481146129,101.8007113,2.541386464,57446748,57516835,114963583,77.774285593125,3046114359.0,2.79,24941349,76.875
16,16,France,WesternEurope,14819.53488372093,11840.47619047619,62.35640565,33.69456444,28.6618412,1995000000.0,145000000.0,93.5227748,6.297169,6.045787187500001,6.181056379,18.37814968777778,2.705338997,12423182138.0,14660286102.0,33.2,59.68040368,59.41235745,110.5729469,105.71221808166668,123.7333295,121.1914099,46.6,54.07,50.17,26.46,30.42,28.46,78.15701725,-5.957793352,2169720000000.0,1701310000000.0,1781160000000.0,2034430000000.0,30627000.0,46.92102436,37759000.0,57.84735557,2730750000000.0,-8.114907097,40520.6518,694914131878.2941,-3.7258254365714287,16102.810159200002,87649838585.0,0.762737215,81.65227171827586,30033626,2.073321427,123.076834,0.211906588,34777344,32614238,67391582,86.09080088,224236000000.0,8.62,54570334,100.0
17,17,Germany,WesternEurope,2600.0,2200.0,55.38336207,33.69868851,21.68467356,1232000000.0,33000000.0,73.40780311276315,7.474371,6.045787187500001,5.93,18.37814968777778,5.051053060295455,16026253188.0,35863331279.0,9.37,61.23754217,58.15614939,113.4267116,105.71221808166668,86.62223196,86.14882526,54.91,63.74,59.25,46.92,49.28,48.15,73.82854725,-3.454663661,2836840000000.0,2292110000000.0,2460140000000.0,2809960000000.0,36040739.0,43.01628467,38300000.0,45.7128169,3751240000000.0,-4.89654545,45065.08246,3859480000000.0,-4.756769171,46365.43284,180664000000.0,0.751162469,89.81294133,43382544,1.399730368,238.252118,0.177430344,42093236,41147289,83240525,85.42011123,268409000000.0,4.31,64472284,97.5
18,18,Ghana,WesternAfrica,19000.0,14000.0,67.42427908,5.257707118,62.16657196,703923076.9230769,334807692.3076923,73.40780311276315,8.16461,7.425389,9.400449637,36.58166758,5.051053060295455,6688988896.567273,7551750704.38509,16.334146341463416,50.87086848665218,47.71935206093478,273.1700257,105.71221808166668,10.87825539,9.933442793,48.750000110277774,63.33277782027777,55.847222154166666,32.95400005485715,39.04142847542857,36.05628568828572,76.17312198333333,-2.56543957793617,668423030078.4565,230399380602197.88,351506452732770.8,493274407830.2292,78371.0,0.252216237,307668.0,0.990147698,57430579781.0,0.414443468,1848.250296,694914131878.2941,-3.7258254365714287,16102.810159200002,52156812779.28571,0.450056404,81.65227171827586,12934257,0.446156223,136.560363,2.130763473,15322946,15749999,31072945,77.774285593125,7884091539.0,4.53,17820023,75.0
19,19,Greece,SouthernEurope,980.0,1000.0,56.10441896,34.78692147,21.3174975,17000000.0,85000000.0,63.87640963,8.053924133333334,6.045787187500001,8.832371719,18.37814968777778,26.97804432,320133707.8,58531027.32,18.22,17.34539508,21.027939,100.6771128,105.71221808166668,82.08598987,81.84055745,34.9,51.06,42.69,11.72,15.86,13.79,94.10146406,-3.406149346,217467000000.0,156630000000.0,156048000000.0,178238000000.0,4257026.0,40.84240569,4743310.0,45.5078713,231212000000.0,-8.247736115,21577.20799,694914131878.2941,-3.7258254365714287,16102.810159200002,2006972041.0,0.690006495,78.11584474,4751026,2.795563146,83.13071373,-0.056285518,5456162,5259387,10715549,73.67084321,11931180005.0,16.85,8541900,97.5
20,20,India,SouthernAsia,14819.53488372093,11840.47619047619,48.66462031,9.77304664,38.89157367,151000000.0,2799000000.0,21.49654932,3.954183,5.406043,8.103839108,18.37814968777778,7.938830725,7241107557.0,1253654725.0,14.74,80.11352743,66.14530175,184.3288151,105.71221808166668,55.25091376,55.25091376,48.750000110277774,63.33277782027777,55.847222154166666,32.95400005485715,39.04142847542857,36.05628568828572,71.6508116,-7.112123787,1841390000000.0,91619400000000.0,140336000000000.0,1879390000000.0,22290000.0,1.615212259,20052162.0,1.4530506,2706600000000.0,-7.964610411,1961.298711,2680900000000.0,-7.96658868,1942.673932,21662006256.0,0.493510902,81.65227171827586,471688990,2.8826704,464.1494102,0.9894138,662903415,717100970,1380004385,77.774285593125,590227000000.0,7.11,481980332,74.375
21,21,Indonesia,South-easternAsia,28000.0,24000.0,47.48940519,9.236543539,38.25286165,703923076.9230769,270000000.0,51.65993668,8.053924133333334,6.569041,14.79936547,23.64400806,2.750600762,1640504467.0,83574614.73,15.22,54.23441672,55.33402903,154.0807306,53.71126821,38.68833111,33.15493062,51.19,77.8,64.48,33.29,46.77,40.14,68.25754883,-2.098435146,746166000000.0,6782970000000000.0,1.0535e+16,722454000000.0,10713107.0,3.916702768,9186370.0,3.358529025,1179530000000.0,-2.069543499,4312.353082,1149340000000.0,-1.682170975,4201.980379,6415055077.0,0.540038466,53.72649449,134616083,0.860574024,145.6835435,1.065178986,135805760,137717861,273523621,65.2360515,135916000000.0,4.11,154926514,64.375
22,22,Iraq,WesternAsia,14819.53488372093,11840.47619047619,69.94223676,5.850651617,64.09158514,703923076.9230769,1000000.0,73.40780311276315,8.053924133333334,6.045787187500001,9.400449637,18.37814968777778,5.051053060295455,4900000.0,100000.0,5.63,60.05430899,5.447075423,154.2630961983019,105.71221808166668,79.80061363428571,71.31580186240426,48.750000110277774,63.33277782027777,55.847222154166666,32.95400005485715,39.04142847542857,36.05628568828572,76.17312198333333,-2.56543957793617,668423030078.4565,230399380602197.88,351506452732770.8,493274407830.2292,5453799.0,13.5590775,4166461.0,10.35853496,198178000000.0,-10.36509018,4927.048308,694914131878.2941,-3.7258254365714287,16102.810159200002,52156812779.28571,0.407643288,81.65227171827586,10356947,4.054752512,92.65125263,2.29530433,19864725,20357778,40222503,77.774285593125,65340042658.0,13.74,28514939,45.0
23,23,Ireland,NorthernEurope,500.0,500.0,54.82323599,22.57004706,32.25318893,703923076.9230769,11000000.0,73.40780311276315,8.053924133333334,6.045787187500001,11.35788728,18.37814968777778,3.540636618,6688988896.567273,7551750704.38509,16.334146341463416,50.87086848665218,47.71935206093478,106.2277116,105.71221808166668,33.00545519,33.00545519,51.98,63.6,57.69,36.51,37.5,37.01,38.75038308,-4.526555972,167059000000.0,131840000000.0,142023000000.0,162218000000.0,1516252.0,30.70712258,1678651.0,33.99602575,406056000000.0,3.417815527,81297.06695,694914131878.2941,-3.7258254365714287,16102.810159200002,42492086043.0,0.792599022,91.99989097,2427093,0.2874877,72.50288866,1.216322998,2515113,2479611,4994724,81.77500742,7463044895.0,5.92,3179292,100.0
24,24,Israel,WesternAsia,14819.53488372093,11840.47619047619,67.34389298,20.77465249,46.56924049,345000000.0,474000000.0,133.298697,12.314092,6.045787187500001,6.746874027,34.71491984,1.475994926,1669800000.0,1655600000.0,16.15,87.7028407,67.61207505,107.539896,105.71221808166668,79.80061363428571,69.44665083,55.81000137,62.56000137,59.11999893,39.68000031,38.25,38.93999863,73.89179966,-5.868260021,244307000000.0,989293000000.0,1022430000000.0,297011000000.0,2602079.0,30.06260156,3080000.0,35.58416666,311692000000.0,-2.439985916,33817.41824,694914131878.2941,-3.7258254365714287,16102.810159200002,12780723000.0,0.733995318,81.65227171827586,4136200,5.624526933,425.9195933,1.783210642,4629378,4587522,9216900,77.774285593125,173292000000.0,4.61,8533651,80.625
25,25,Italy,SouthernEurope,2500.0,2200.0,56.9592203,36.57447031,20.38474998,806000000.0,131000000.0,90.30758245,6.149526,6.045787187500001,6.603312223,18.37814968777778,4.359720737,4096757343.0,4243284776.0,37.63,54.85799094,53.19196839,110.4712586,105.71221808166668,83.57933292,82.4953504,35.78,52.95,44.07,12.81,20.53,16.83,78.8382248,-7.801800748,1572350000000.0,1256440000000.0,1302090000000.0,1487240000000.0,17855620.0,29.53205548,19430559.0,32.13690404,1959440000000.0,-8.871146348,32901.88292,1979950000000.0,-8.715831883,33246.26766,34865442787.0,0.727819681,81.65227171827586,25080671,1.567524891,200.0269472,-0.293517053,30558291,28995732,59554023,68.92733564,210687000000.0,9.31,42306582,97.5
26,26,Japan,EasternAsia,600.0,1000.0,69.04978924,48.00553094,21.0442583,703923076.9230769,724000000.0,121.7050695,10.582221,6.045787187500001,9.400449637,38.13068033,5.051053060295455,28218283570.0,43038454714.0,33.92,68.72594415,72.02442327,105.4649055,105.71221808166668,79.80061363428571,71.31580186240426,51.83,69.28,60.25,47.2,45.67,46.41,76.17312198333333,-2.56543957793617,668423030078.4565,230399380602197.88,351506452732770.8,493274407830.2292,43633244.0,34.49910256,62252837.0,49.22088783,1161849393546.8,-3.9023927585818186,21457.177944683634,694914131878.2941,-3.7258254365714287,16102.810159200002,102966000000.0,0.804714262,81.65227171827586,68680759,0.996825438,345.2291385,-0.340268778,64395674,61440347,125836021,74.50980392,1390810000000.0,2.97,115494817,81.875
27,27,Kazakhstan,CentralAsia,3700.0,3200.0,58.84859739,12.5534886,46.29510878,703923076.9230769,268000000.0,95.78124551,8.053924133333334,1.398,9.400449637,43.01511151,5.051053060295455,146183995.0,1398980.0,2.4,15.85669304,59.5727568,201.2394119,40.48295125,25.82344819,22.18131215,60.3,72.1,65.9,32.95400005485715,39.04142847542857,36.05628568828572,76.17312198333333,-2.56543957793617,668423030078.4565,230399380602197.88,351506452732770.8,493274407830.2292,2616500.0,13.93481828,3108400.0,16.55455347,207706000000.0,-2.6,11075.00816,694914131878.2941,-3.7258254365714287,16102.810159200002,52156812779.28571,0.628506422,85.94259898,8778458,1.054852453,6.946860762,1.29209842,9652308,9102132,18754440,84.37086093,35638096635.0,6.05,10815873,69.375
28,28,Kenya,EasternAfrica,33000.0,27000.0,69.77580096,4.259990845,65.51581011,703923076.9230769,60000000.0,7.304405465,9.538119,8.448205,14.61677573,7.174458549,14.13866299,6688988896.567273,7551750704.38509,4.67,50.87086848665218,47.71935206093478,200.2336423,105.71221808166668,32.74000985,32.70850818,48.750000110277774,63.33277782027777,55.847222154166666,32.95400005485715,39.04142847542857,36.05628568828572,76.17312198333333,-2.56543957793617,668423030078.4565,230399380602197.88,351506452732770.8,493274407830.2292,674191.0,1.253812071,66646.0,0.123943451,64860101745.0,-0.30749749,1206.221567,694914131878.2941,-3.7258254365714287,16102.810159200002,85972271.0,0.546752512,81.65227171827586,23738918,1.104839819,94.47816003,2.251879431,27052773,26718527,53771300,77.774285593125,8297263559.0,2.98,15053275,80.625
29,29,Malaysia,South-easternAsia,6100.0,5700.0,44.15828212,10.35587536,33.80240676,703923076.9230769,55000000.0,55.56412092,4.18124,4.80482,11.63881523,7.071139078,1.566621458,2379590914.0,231515332.1,8.97,66.82710171,47.18840918,120.0799867,105.71221808166668,134.1417111,134.1103916,48.750000110277774,63.33277782027777,55.847222154166666,32.95400005485715,39.04142847542857,36.05628568828572,73.88127608,-2.871465599,269743000000.0,979193000000.0,1045540000000.0,248732000000.0,3358800.0,10.37755702,7467900.0,23.0732875,376654000000.0,-5.587744678,11637.3512,369819000000.0,-4.786290729,11426.15541,92123577046.0,0.61097616,89.55501192,15904215,1.136284199,98.51163598,1.294285057,15735185,16630813,32365998,77.774285593125,107644000000.0,4.55,24973604,50.0
30,30,Mexico,CentralAmerica,20000.0,18000.0,50.27056808,11.44776791,38.82280017,703923076.9230769,257000000.0,62.1348707,8.053924133333334,4.179567,10.65378567,7.442832068,2.429199156,329131627.0,7648358.0,12.79,2.310163738,18.88332579,146.3504877,64.17309402,38.65694091,29.00915271,39.23,68.25,53.01,26.13,47.15,36.7,76.42904912,-8.518505004,921353000000.0,13445500000000.0,17671900000000.0,822501000000.0,21206911.0,16.44804017,23800105.0,18.45931654,1201950000000.0,-8.239473277,9322.335713,1159540000000.0,-8.827351274,8993.380996,69544184531.0,0.612949848,71.97,53978977,0.573651659,66.32513851,1.058240034,65861267,63071486,128932753,57.13687151,199069000000.0,4.71,104088701,88.75
31,31,Morocco,NorthernAfrica,720.0,1000.0,52.38010744,11.59101335,40.78909409,703923076.9230769,7000000.0,28.61228953,8.053924133333334,6.443497,9.400449637,3.711255243,5.051053060295455,151547176.9,10377171.24,24.17,51.15949514,31.00353506,111.8516604,105.71221808166668,79.80061363428571,71.06382211,48.750000110277774,63.33277782027777,55.847222154166666,32.95400005485715,39.04142847542857,36.05628568828572,78.492787,-5.309380157,91856238933.0,732950000000.0,841372000000.0,88595273124.0,2102434.0,5.696023035,2357286.0,6.386481267,117286000000.0,-7.117232169,3126.964069,115446000000.0,-6.717407285,3077.899418,52156812779.28571,0.504116356,84.12036305,11523035,4.281028881,82.70346852,1.195920777,18593671,18316887,36910558,77.774285593125,35997639773.0,10.15,23450016,75.625
32,32,Nepal,SouthernAsia,750.0,1000.0,52.99376863,8.916701729,44.0770669,703923076.9230769,334807692.3076923,19.79503318,8.053924133333334,4.537874,10.58128151,8.975850073,1.677216698,6688988896.567273,7551750704.38509,21.52,69.70466177,17.7992268,198.2653074,105.71221808166668,87.8527117,87.75361531,48.750000110277774,63.33277782027777,55.847222154166666,32.95400005485715,39.04142847542857,36.05628568828572,93.65452748,3.616654788,20241569976.0,2035010000000.0,3666290000000.0,31521468736.0,19886497.86792453,22.77000303354717,13359477.490566038,19.96444681913208,24262542368.0,-2.088378695,832.7110632,24554425781.0,-1.981628901,842.7287499,52156812779.28571,0.504601777,81.65227171827586,16017418,1.363585634,203.2564213,1.829086293,15788373,13348435,29136808,77.774285593125,11467799302.0,4.44,5995190,80.625
33,33,Netherlands,WesternEurope,500.0,500.0,55.60927671,31.17604023,24.43323647,488000000.0,610000000.0,36.02766342,7.303608,6.045787187500001,5.87976271,18.37814968777778,1.887741059,45372589890.0,46304894463.0,6.99,72.22719004,72.84667755,117.3828783,105.71221808166668,101.064264,101.0640136,57.51,66.75,62.08,63.56,61.44,62.48,68.00972612,-3.900568347,620369000000.0,494885000000.0,543176000000.0,620414000000.0,7525016.0,43.91638292,4937000.0,28.81258757,925799000000.0,-3.741328235,53081.31101,694914131878.2941,-3.7258254365714287,16102.810159200002,87609061205.0,0.789915025,91.33333333,9387604,1.42324474,518.0023463,0.553470993,8751402,8689737,17441139,86.38199654,53971404675.0,4.09,16087009,97.5
34,34,Nigeria,WesternAfrica,86000.0,61000.0,85.96235196,5.091768374,80.87058358,703923076.9230769,125000000.0,73.40780311276315,16.096088,7.065818,6.262093004,69.05273527,6.024515462,252840000.0,0.0,16.334146341463416,6.127430118,37.95642452,154.2630961983019,105.71221808166668,12.13184984,11.22806863,48.750000110277774,63.33277782027777,55.847222154166666,32.95400005485715,39.04142847542857,36.05628568828572,78.34186932,7.420573369,333182000000.0,50340300000000.0,120844000000000.0,338667000000.0,65313.0,0.03168387,107031.0,0.051921613,468600000000.0,-1.794253082,2273.218561,454834000000.0,-2.207016563,2206.434649,52156812779.28571,0.360609829,81.65227171827586,62242961,0.627907835,226.335504,2.542973405,101669950,104469637,206139587,77.774285593125,36729565818.0,9.01,107106007,63.125
35,35,Norway,NorthernEurope,100.0,100.0,53.33583597,26.87452826,26.46130771,72000000.0,450000000.0,73.40780311276315,4.0834,6.045787187500001,9.400449637,0.762753005,0.736074194,692362107.4,401635079.8,16.334146341463416,39.84088306,57.96380708,121.8170301,165.7128582,165.8295332,140.5203168,59.44,62.48,61.01,49.84,48.8,49.3,70.28119331,-4.331013322,310931000000.0,2117770000000.0,2395620000000.0,254424000000.0,2387661.0,44.04270166,348808.0,6.434098761,488912000000.0,-0.762477535,90884.6146,509018000000.0,0.472418351,94622.3294,4134524341.0,0.771051168,97.00000121,2836708,1.936619898,14.7339341,0.588757324,2660602,2718873,5379475,94.5842868,75258813465.0,4.62,4463566,96.875
36,36,Pakistan,SouthernAsia,25000.0,22000.0,64.38774135,7.14864722,57.23909413,703923076.9230769,759000000.0,73.40780311276315,15.509316,4.019404,7.239382727,14.79967012,9.185791218,183000000.0,11000000.0,16.334146341463416,73.02404517,45.68848148,200.078979,105.71221808166668,17.12766575,17.01319776,48.750000110277774,63.33277782027777,55.847222154166666,32.95400005485715,39.04142847542857,36.05628568828572,91.64833687,-2.006136106,244363000000.0,12181600000000.0,38241800000000.0,241664000000.0,2423057.0,1.096940256,2876794.0,1.302351182,258078000000.0,0.525527439,1168.342974,252434000000.0,0.370705999,1142.790876,309393334.0,0.406070024,81.65227171827586,72334842,4.024714006,286.5456764,1.978319567,107220324,113672007,220892331,77.774285593125,18521734364.0,4.65,82094635,55.625
37,37,Peru,SouthAmerica,4100.0,3700.0,50.18939111,13.1044181,37.08497301,703923076.9230769,19000000.0,124.2952588,8.053924133333334,6.158007,10.51474674,40.78175054,4.127608566,6688988896.567273,7551750704.38509,6.0,50.87086848665218,47.71935206093478,132.1544785,105.71221808166668,55.14749585,55.14702673,52.90000153,67.91999817,60.38999939,39.97000122,48.34999847,44.22999954,80.94699867,-6.059968114,153221000000.0,397139000000.0,571502000000.0,163525000000.0,19886497.86792453,22.77000303354717,13359477.490566038,19.96444681913208,187457000000.0,-11.14881188,5685.370839,181470000000.0,-10.23607116,5503.792648,52156812779.28571,0.605192661,65.25179879,16181966,1.340058514,25.75925469,1.409210058,16593240,16378606,32971846,76.57150173,211636564154.45456,6.24,25815966,95.0
38,38,Philippines,South-easternAsia,17000.0,16000.0,55.16945504,8.552394618,46.61706042,703923076.9230769,349000000.0,29.71693501,8.053924133333334,4.567668,11.13870317,28.45739611,3.531958517,519270901.1,15258017.75,9.17,87.73640544,41.7082276,133.0288632,100.4133157,51.89004682,51.89004346,41.38000107,65.25,53.36999893,21.28000069,34.43000031,28.01000023,90.41557606,-5.239213324,275137000000.0,15566700000000.0,16219300000000.0,326843000000.0,19886497.86792453,22.77000303354717,13359477.490566038,19.96444681913208,326553000000.0,-9.573029875,2980.015814,350416000000.0,-11.39981691,3197.778021,32818761665.0,0.515962124,81.65227171827586,43719193,1.012423923,367.5121072,1.345429965,54552260,55028825,109581085,77.774285593125,109990000000.0,3.36,51950201,78.75
39,39,Poland,EasternEurope,14819.53488372093,11840.47619047619,51.4168588,28.37468828,23.04217052,13000000.0,193000000.0,67.84341693,8.053924133333334,3.736047,9.49158625,14.01032832,3.712336056,3593000000.0,1139000000.0,25.73,57.59803557,59.8911612,117.9624468,105.71221808166668,50.24416412,50.24308518,46.32,63.07,54.32,24.22,32.34,28.39,75.92548236,-1.559495891,489273000000.0,1475300000000.0,1759260000000.0,451122000000.0,8212601.0,21.69969988,5777428.0,15.26537739,643085000000.0,-2.701709195,16945.23518,623012000000.0,-1.753925405,16416.29456,20276511776.0,0.753088593,86.83692746,18204932,2.217350661,123.9533658,-0.038655742,19562432,18388370,37950802,73.62434676,154219000000.0,3.55,22786800,93.75
40,40,Portugal,SouthernEurope,670.0,1000.0,55.82690416,35.48532548,20.34157868,46000000.0,47000000.0,165.273853,7.162276,6.045787187500001,7.46544726,18.37814968777778,4.858840188,891850080.8,140080202.6,32.84,39.9931022,49.18518466,110.6105988,105.71221808166668,100.0332175,99.95073438,49.83,58.95,54.07,21.19,25.47,23.36,82.81938714,-4.596340836,199512000000.0,155237000000.0,167681000000.0,191524000000.0,4160895.0,40.80625425,5212507.0,51.11950336,234654000000.0,-7.563616423,22769.68191,230971000000.0,-6.605319018,22412.30688,3359568309.0,0.768949568,78.26165705,5190690,2.140563285,112.4992795,0.18746278,5430030,4875534,10305564,85.00317058,29459811843.0,7.2,6833619,100.0
41,41,Romania,EasternEurope,770.0,1000.0,53.26025214,29.47334945,23.7869027,703923076.9230769,187000000.0,62.79460095,8.053924133333334,4.346135,9.987857238,16.86450263,3.833242142,888552030.2,132002023.1,22.56,64.61766146,60.04538716,127.0371357,105.71221808166668,26.05309523,26.05309523,43.21,61.96,52.29,19.72,29.19,24.58,79.95791384,-3.585061761,187382000000.0,416621000000.0,843995000000.0,198868000000.0,5685000.0,29.55136352,3025000.0,15.72434031,224970000000.0,-3.859373593,11664.85172,220879000000.0,-4.162599503,11452.7491,6984613434.0,0.584187865,78.45526895,8967558,2.313707466,83.82355268,-0.442473207,9908658,9377465,19286123,69.29073678,52190562712.0,4.84,10451921,90.625
42,42,Saudi Arabia,WesternAsia,1000.0,1000.0,39.26546726,4.87214582,34.39332144,703923076.9230769,2466000000.0,73.40780311276315,4.803345,6.045787187500001,14.43490361,18.37814968777778,2.182905505,6688988896.567273,7551750704.38509,16.334146341463416,14.83690618,32.32728108,122.479242,105.71221808166668,79.80061363428571,71.31580186240426,48.750000110277774,63.33277782027777,55.847222154166666,32.95400005485715,39.04142847542857,36.05628568828572,71.52409976,-2.529766623,384468000000.0,1441760000000.0,1877820000000.0,500753000000.0,7890261.0,22.66413005,5749058.0,16.51369938,675042000000.0,-4.106583412,19390.01893,687280000000.0,-3.248486269,19741.54832,52156812779.28571,0.576390505,97.8623325,14455587,8.447598946,16.19483135,1.57883733,14682559,20131308,34813867,77.774285593125,472851000000.0,8.22,29343564,80.0
43,43,Singapore,South-easternAsia,100.0,100.0,34.50390716,17.95834779,16.54555936,703923076.9230769,74000000.0,54.0070504,3.311032,6.045787187500001,9.400449637,18.37814968777778,5.051053060295455,16848008987.0,8280173221.0,7.02,48.42314387,57.75032524,114.1976627,105.71221808166668,132.6782008,132.6782008,57.72999954,71.68000031,64.5,28.63999939,33.00999832,30.92000008,45.42503995,-2.56543957793617,668423030078.4565,230399380602197.88,213087000000.0,154444000000.0,1517600.0,25.94036383,1891600.0,32.33315249,320390000000.0,-5.391021406,56349.02942,694914131878.2941,-3.7258254365714287,16102.810159200002,161271000000.0,0.879125714,75.87596245,3472519,3.201533596,8019.473907,-0.311904961,2709673,2976134,5685807,77.774285593125,369834000000.0,5.19,5685807,82.5
44,44,South Africa,SouthernAfrica,230000.0,200000.0,52.23147889,8.387100219,43.84437867,37000000.0,334807692.3076923,58.58794064,15.048613,8.142315,7.886974554,3.197033055,5.180283295,1398011406.0,98004301.41,9.22,33.78091341,42.56241805,164.0515915,105.71221808166668,79.80061363428571,69.26468321,30.4,41.5,35.78,6.85,10.12,8.49,82.44426112,-3.947363476,342264000000.0,2505780000000.0,4100760000000.0,248919000000.0,1303057.0,2.19707601,2098802.0,3.538776527,400229000000.0,-6.959604452,6748.234355,392282000000.0,-6.089760656,6614.243106,1837384291.0,0.425453395,81.65227171827586,21742744,1.074193443,48.89059344,1.273356263,30092678,29216012,59308690,76.74094708,55008491996.0,28.74,39946775,88.125
45,45,Spain,SouthernEurope,3500.0,3200.0,52.38577873,30.44303919,21.94273953,1201000000.0,57000000.0,103.4016712,5.029116,6.045787187500001,6.498059856,18.37814968777778,2.851226662,5063616548.0,2949863121.0,45.53,55.59562479,60.6289487,110.6034784,105.71221808166668,108.5425845,107.4844566,42.62,53.47,47.9,16.57,20.25,18.46,78.05068744,-8.183420121,1063790000000.0,835249000000.0,875493000000.0,999985000000.0,15850358.0,33.9010443,19455779.0,41.61238665,1401620000000.0,-10.83894734,29600.35238,694914131878.2941,-3.7258254365714287,16102.810159200002,15731961265.0,0.728255033,93.20564609,22799921,1.402053417,94.77829717,0.461546667,24079931,23271636,47351567,83.1507732,81287702461.0,15.67,38264801,97.5
46,46,Sri Lanka,SouthernAsia,200.0,200.0,53.65162543,17.25946867,36.39215676,703923076.9230769,334807692.3076923,73.40780311276315,8.053924133333334,4.481574,8.551351841,18.37814968777778,4.928274959,6688988896.567273,7551750704.38509,16.334146341463416,50.87086848665218,47.71935206093478,165.1000451,105.71221808166668,79.80061363428571,71.31580186240426,48.750000110277774,63.33277782027777,55.847222154166666,32.95400005485715,39.04142847542857,36.05628568828572,81.12093956,-2.366154105,66831550399.0,7556280000000.0,12146200000000.0,65469952390.0,1992429.0,9.304655263,2428957.0,11.34324362,84293528650.0,-3.569076137,3845.683136,81961423699.0,-3.355477512,3739.286633,83151757.0,0.598324299,35.0,8552779,1.933104238,354.309453,0.53062656,11409149,10509851,21919000,77.774285593125,5663994385.0,4.84,4101702,65.625
47,47,Sweden,NorthernEurope,14819.53488372093,11840.47619047619,61.16654504,32.76323212,28.40331292,286000000.0,3000000.0,73.40780311276315,7.925322,6.045787187500001,6.261697309,7.921359073,0.513361451,9208813608.0,8371844622.0,13.8,75.59473861,74.44140334,111.0588566,105.71221808166668,141.1114452,141.1088602,64.56,69.77,67.21,40.07,39.17,39.6,71.10064257,-3.166340138,407058000000.0,3168190000000.0,3520590000000.0,382244000000.0,4101078.0,40.60768779,1624271.0,16.08306149,580499000000.0,-2.817819572,56068.25646,598507000000.0,-2.617143786,57807.49226,17805945123.0,0.795357108,94.53943122,5477192,1.221397332,25.41907147,0.722703913,5167175,5186267,10353442,92.50887107,58260344659.0,8.45,9108648,100.0
48,48,Switzerland,WesternEurope,14819.53488372093,11840.47619047619,51.64421034,28.96031955,22.68389079,179000000.0,10000000.0,93.95590295,8.252569,6.045787187500001,8.125798347,18.37814968777778,0.748812316,17961440465.0,23123129868.0,37.03,54.64093858,76.25452609,98.82431041,105.71221808166668,79.80061363428571,71.31580186240426,59.39,69.97,64.6,59.4,59.44,59.42,63.0044514,-3.124229048,426900000000.0,436090000000.0,442432000000.0,471254000000.0,4023000.0,46.48383257,2952000.0,34.10894202,692095000000.0,-2.870251911,80132.42559,694914131878.2941,-3.7258254365714287,16102.810159200002,29236830495.0,0.756115139,81.65227171827586,4959300,0.778520639,218.5668955,0.715961343,4352040,4284856,8636896,85.17509197,1083400000000.0,4.94,6383962,85.625
49,49,Thailand,South-easternAsia,6600.0,6500.0,41.86456271,18.3824378,23.48212492,703923076.9230769,132000000.0,73.40780311276315,13.312291,7.700715,11.14,21.70200695,3.23,4503700128.0,225348106.9,16.334146341463416,41.11675915,46.80564308,112.3074938,194.125135,160.2671108,125.0334274,58.54,74.59,66.28,31.21,44.82,38.11,70.57274521,-2.56543957793617,668423030078.4565,230399380602197.88,11082100000000.0,354130000000.0,11599513.0,16.6182187,5003000.0,7.167624036,425391000000.0,-6.087220285,6094.432873,694914131878.2941,-3.7258254365714287,16102.810159200002,45968349192.0,0.609310985,77.8437476,38483357,1.473849739,136.6242792,0.250165167,35833918,33966060,69799978,78.47010473,258104000000.0,1.02,35898129,78.125
50,50,Tunisia,NorthernAfrica,500.0,500.0,49.61914184,13.27563081,36.34351103,703923076.9230769,15000000.0,73.40780311276315,8.053924133333334,8.694098,9.400449637,7.423595593,5.051053060295455,6688988896.567273,7551750704.38509,16.334146341463416,50.87086848665218,47.71935206093478,164.0766398,105.71221808166668,79.80061363428571,71.23010791,48.750000110277774,63.33277782027777,55.847222154166666,32.95400005485715,39.04142847542857,36.05628568828572,76.17312198333333,-2.56543957793617,668423030078.4565,230399380602197.88,351506452732770.8,493274407830.2292,1334551.0,11.2919369,1533273.0,12.97336855,47084697907.0,-8.600310283,3983.942785,694914131878.2941,-3.7258254365714287,16102.810159200002,52156812779.28571,0.51680994,81.65227171827586,4107933,2.90774447,76.07246395,1.053854127,5957866,5860752,11818618,77.774285593125,9810630875.0,16.69,8221976,67.5
51,51,Turkey,WesternAsia,14819.53488372093,11840.47619047619,49.08267183,13.38921267,35.69345916,141000000.0,86000000.0,73.40780311276315,11.114839,7.256607,10.5451143,15.01273419,3.89009244,2086000000.0,130000000.0,16.334146341463416,20.15793127,39.84012273,263.2235613,98.25504393,75.05909443,70.90582529,26.26,59.77,42.84,19.23,38.78,29.2,71.98942618,3.015246626,951274000000.0,1337040000000.0,3633960000000.0,518397000000.0,16734853.0,19.84235016,12448604.0,14.760187,1284110000000.0,1.756650763,15225.6146,1269040000000.0,2.255320027,15046.93657,4196985792.0,0.649261832,77.66956038,32317036,2.772472019,109.583913,1.084193952,42702942,41636125,84339067,45.24647887,93511562720.0,13.92,64186247,82.5
52,52,Uganda,EasternAfrica,38000.0,31000.0,92.31354613,3.81876993,88.4947762,703923076.9230769,13000000.0,73.40780311276315,8.053924133333334,10.90573,13.37170648,22.42062775,5.215867517,6688988896.567273,7551750704.38509,16.334146341463416,50.87086848665218,47.71935206093478,180.4686791,27.18026699,14.3482093,13.10620753,48.750000110277774,63.33277782027777,55.847222154166666,32.95400005485715,39.04142847542857,36.05628568828572,81.01854573,3.406432064,36486306857.0,103460000000000.0,112487000000000.0,30278277288.0,34596.0,0.075634539,90774.0,0.198452124,43828692210.0,2.857581274,958.1926982,43083691420.0,3.873808356,941.9053239,11771659.0,0.384176582,81.65227171827586,16514595,2.597144665,228.111909,3.269713347,23194411,22546589,45741000,77.774285593125,211636564154.45456,2.44,11414209,73.125
53,53,Ukraine,EasternEurope,9300.0,8500.0,49.11943575,25.27446563,23.84497012,115000000.0,18000000.0,93.73922775,8.053924133333334,6.367748,11.65846222,20.78118603,41.00409554,495000000.0,74000000.0,0.41,63.54440357,28.16068924,289.3548945,105.71221808166668,79.80061363428571,21.0178906,48.750000110277774,63.33277782027777,55.847222154166666,32.95400005485715,39.04142847542857,36.05628568828572,93.54095346,0.483386475,141452000000.0,2496460000000.0,3923200000000.0,145533000000.0,7769401.0,18.61701348,3314263.0,7.941626251,130073000000.0,-4.020317714,3115.860766,132113000000.0,-5.375085406,3164.73082,1248167887.0,0.631387115,81.65227171827586,19461889,4.129198321,76.17309803,-0.568251539,23685780,20448913,44134693,77.774285593125,29137541200.0,9.48,30721277,79.375
54,54,United Arab Emirates,WesternAsia,100.0,100.0,19.15896211,1.506655343,17.65230677,191000000.0,432000000.0,52.48522651,4.099206,6.045787187500001,9.400449637,14.6088466,8.154957712,6688988896.567273,7551750704.38509,7.98,50.87086848665218,47.71935206093478,112.1432311,105.71221808166668,79.80061363428571,71.31580186240426,48.750000110277774,63.33277782027777,55.847222154166666,32.95400005485715,39.04142847542857,36.05628568828572,76.17312198333333,-2.56543957793617,668423030078.4565,230399380602197.88,351506452732770.8,493274407830.2292,3245123.0,32.81083014,2380866.0,24.07248967,1161849393546.8,-3.9023927585818186,21457.177944683634,694914131878.2941,-3.7258254365714287,16102.810159200002,52156812779.28571,0.673011899,100.0,6820222,2.083085257272727,139.2621797,1.219428682,3054051,6836349,9890400,77.774285593125,106702000000.0,5.0,8609395,82.5
55,55,United States of America,NorthernAmerica,14819.53488372093,11840.47619047619,53.85248134,25.587092,28.26538933,9372000000.0,687000000.0,73.40780311276315,5.140987,6.045787187500001,11.0208874,15.44238571,1.065369146,40682000000.0,114045000000.0,29.69,57.82672229,52.10463816,118.6905016,280.4969055,216.3345332,54.35277638,51.51,62.39,56.77,45.32,46.41,45.86,76.17312198333333,-2.56543957793617,668423030078.4565,230399380602197.88,351506452732770.8,493274407830.2292,120531000.0,36.41390775,103052000.0,31.13328539,17709400000000.0,-3.486139557,53748.97143,694914131878.2941,-3.7258254365714287,16102.810159200002,143489000000.0,0.701764345,81.65227171827586,165163504,3.741160091,36.01935005,0.350911063,166449500,163034623,329484123,83.06237068,628370000000.0,8.31,272364755,91.25
56,56,Viet Nam,South-easternAsia,6100.0,5300.0,45.05377171,11.40994617,33.64382555,703923076.9230769,41000000.0,26.26473753,8.053924133333334,7.233685,9.400449637,18.37814968777778,5.051053060295455,6688988896.567273,7551750704.38509,4.01,50.87086848665218,47.71935206093478,168.7837215,105.71221808166668,79.80061363428571,71.31580186240426,60.43,73.72,66.94,41.25,48.35,44.91,75.15596733,1.055764322,150651000000.0,2804060000000000.0,4729670000000000.0,203792000000.0,16699249.0,17.15583808,3205775.0,3.293426957,206694000000.0,2.905835584,2123.45606,195192000000.0,3.629829512,2005.292045,101537000000.0,0.689964533,70.2900004,56542377,2.083085257272727,313.9245428,0.904517906,48740329,48598254,97338583,82.65550239,94833616150.0,2.27,36346227,81.875
